Date,Price,Open,High,Low,Vol.,Change %
2025-11-14,63.96,63.46,64.86,63.42,313.06K,1.51
2025-11-13,62.78,62.58,62.79,62.35,398.84K,0.11
2025-11-12,64.91,65.1,65.11,64.89,302.44K,-0.38
2025-11-11,63.77,63.94,64.06,63.69,263.82K,-0.45
2025-11-10,64.06,63.8,64.34,63.32,273.06K,0.47
2025-11-09,63.76,63.71,63.82,63.61,0.96K,0.2
2025-11-07,63.63,63.63,64.39,63.23,358.55K,0.39
2025-11-06,63.38,63.58,64.34,62.84,392.51K,-0.22
2025-11-05,63.52,64.18,64.95,63.44,334.45K,-1.43
2025-11-04,64.44,64.73,64.8,63.82,265.67K,-0.69
2025-11-03,64.89,65.12,65.32,64.33,307.41K,-0.28
2025-10-31,65.07,64.64,65.46,64.5,20.71K,0.11
2025-10-30,65.0,64.69,65.15,64.06,110.56K,0.12
2025-10-29,64.92,64.52,65.37,63.92,105.76K,0.81
2025-10-28,64.4,65.54,65.76,64.0,232.27K,-1.86
2025-10-27,65.62,66.16,66.64,65.06,247.02K,0.64
2025-10-24,65.2,65.12,65.95,64.73,475.49K,-0.14
2025-10-23,65.29,63.8,65.66,63.37,808.93K,4.92
2025-10-22,62.23,61.34,64.04,61.09,429.97K,1.97
2025-10-21,61.03,60.78,61.82,60.2,323.90K,0.25
2025-10-20,60.88,61.16,61.37,59.97,225.22K,-0.67
2025-10-17,61.29,61.0,61.47,60.14,378.72K,0.38
2025-10-16,61.06,62.4,62.75,60.84,416.75K,-1.37
2025-10-15,61.91,62.33,63.04,61.79,331.20K,-0.77
2025-10-14,62.39,63.49,63.63,61.5,423.16K,-1.47
2025-10-13,63.32,62.9,63.95,62.9,346.53K,0.94
2025-10-10,62.73,65.27,65.36,62.0,547.99K,-3.82
2025-10-09,65.22,65.82,66.58,64.96,345.80K,-1.55
2025-10-08,66.25,65.8,66.54,65.76,325.86K,1.22
2025-10-07,65.45,65.48,65.84,64.53,293.95K,-0.03
2025-10-06,65.47,64.9,65.77,64.76,299.84K,1.46
2025-10-03,64.53,64.38,65.02,64.2,311.95K,0.66
2025-10-02,64.11,65.45,66.15,64.0,480.22K,-1.9
2025-10-01,65.35,66.18,66.57,65.05,420.60K,-2.49
2025-09-30,67.02,67.5,67.71,66.84,19.23K,-1.4
2025-09-29,67.97,69.5,69.91,67.52,107.59K,-3.08
2025-09-26,70.13,69.54,70.76,69.11,110.38K,1.02
2025-09-25,69.42,69.04,69.68,68.42,210.51K,0.16
2025-09-24,69.31,67.88,69.37,67.51,222.73K,3.49
2025-09-23,66.97,65.99,67.42,65.49,344.39K,1.52
2025-09-22,65.97,65.98,66.67,65.35,295.75K,-1.06
2025-09-19,66.68,67.46,67.57,66.44,276.24K,-1.13
2025-09-18,67.44,68.0,68.42,67.19,254.39K,-0.75
2025-09-17,67.95,68.53,68.59,67.62,233.62K,-0.76
2025-09-16,68.47,67.47,68.69,67.01,305.98K,1.53
2025-09-15,67.44,67.33,67.85,66.78,207.09K,0.67
2025-09-12,66.99,66.24,68.17,65.71,397.41K,0.93
2025-09-11,66.37,67.58,67.62,66.15,247.54K,-1.66
2025-09-10,67.49,66.69,67.78,66.66,274.93K,1.66
2025-09-09,66.39,66.23,67.38,66.12,309.16K,0.56
2025-09-08,66.02,65.55,67.04,65.51,257.32K,0.79
2025-09-05,65.5,66.82,67.05,65.07,327.79K,-2.22
2025-09-04,66.99,67.41,67.41,66.35,295.61K,-0.9
2025-09-03,67.6,69.1,69.24,67.36,393.06K,-2.23
2025-09-02,69.14,68.19,69.53,68.05,346.06K,1.45
2025-09-01,68.15,67.42,68.36,67.12,151.21K,0.04
2025-08-29,68.12,68.24,68.39,67.9,18.13K,-0.73
2025-08-28,68.62,67.71,68.71,67.39,105.36K,0.84
2025-08-27,68.05,67.39,68.12,66.91,131.60K,1.23
2025-08-26,67.22,68.73,68.73,67.11,177.90K,-2.3
2025-08-25,68.8,67.89,69.07,67.57,130.69K,2.35
2025-08-22,67.22,67.05,67.45,66.89,276.32K,0.15
2025-08-21,67.12,66.46,67.25,66.25,275.96K,1.22
2025-08-20,66.31,65.59,66.54,65.31,263.66K,1.55
2025-08-19,65.3,65.98,66.01,65.14,200.65K,-1.08
2025-08-18,66.01,65.26,66.24,64.79,195.57K,0.24
2025-08-15,65.85,66.87,67.06,65.73,251.20K,-1.48
2025-08-14,66.84,65.76,66.99,65.55,275.02K,1.84
2025-08-13,65.63,66.14,66.33,65.01,310.06K,-0.74
2025-08-12,66.12,66.8,67.06,65.98,228.13K,-0.77
2025-08-11,66.63,66.25,67.13,65.81,223.89K,0.06
2025-08-08,66.59,66.42,67.22,65.53,375.28K,0.24
2025-08-07,66.43,66.88,67.68,66.27,319.76K,-0.69
2025-08-06,66.89,67.75,69.18,66.22,395.90K,-1.11
2025-08-05,67.64,68.75,68.87,67.52,334.76K,-1.63
2025-08-04,68.76,69.11,69.98,68.0,308.42K,-1.31
2025-08-01,69.67,71.83,72.0,69.4,418.02K,-3.94
2025-07-31,72.53,73.53,73.53,72.4,16.02K,-0.97
2025-07-30,73.24,72.57,73.63,71.75,111.92K,1.01
2025-07-29,72.51,70.28,73.08,69.86,136.65K,3.53
2025-07-28,70.04,68.54,70.45,68.35,203.44K,2.34
2025-07-25,68.44,69.36,69.86,68.31,166.66K,0.12
2025-07-24,68.36,67.99,68.77,67.7,340.03K,0.78
2025-07-23,67.83,68.02,68.26,67.29,327.38K,0.09
2025-07-22,67.77,68.29,68.3,67.35,310.74K,-0.89
2025-07-21,68.38,68.35,68.75,67.71,265.69K,-1.3
2025-07-18,69.28,69.55,70.77,69.14,411.81K,-0.35
2025-07-17,69.52,68.79,69.67,68.27,324.16K,1.46
2025-07-16,68.52,68.98,69.09,67.71,361.65K,-0.28
2025-07-15,68.71,69.15,69.41,68.6,314.88K,-0.72
2025-07-14,69.21,70.5,71.53,69.02,362.84K,-1.63
2025-07-11,70.36,68.84,70.71,68.55,290.55K,2.51
2025-07-10,68.64,70.06,70.48,68.54,345.20K,-2.21
2025-07-09,70.19,69.92,70.71,69.61,273.96K,0.06
2025-07-08,70.15,69.5,70.68,69.03,282.68K,0.82
2025-07-07,69.58,67.64,69.94,67.22,313.88K,1.87
2025-07-04,68.3,68.85,68.89,67.75,160.48K,-0.73
2025-07-03,68.8,68.86,69.14,68.32,313.95K,-0.45
2025-07-02,69.11,67.11,69.21,66.94,384.48K,2.98
2025-07-01,67.11,66.58,67.5,66.34,270.05K,-0.74
2025-06-30,67.61,67.33,68.15,67.03,17.09K,-0.24
2025-06-27,67.77,67.91,68.42,67.2,93.02K,0.06
2025-06-26,67.73,67.77,69.05,67.38,111.54K,0.07
2025-06-25,67.68,67.88,68.78,67.32,214.00K,0.8
2025-06-24,67.14,68.37,70.2,66.82,453.90K,-4.79
2025-06-23,70.52,78.9,79.4,68.64,789.17K,-6.57
2025-06-20,75.48,75.73,76.01,74.0,390.10K,-2.08
2025-06-19,77.08,74.95,77.18,74.17,359.43K,2.58
2025-06-18,75.14,75.18,75.74,73.0,536.52K,0.32
2025-06-17,74.9,72.5,75.53,71.46,514.73K,4.04
2025-06-16,71.99,76.0,76.45,69.43,527.11K,-3.02
2025-06-13,74.23,70.5,78.5,70.41,1.24M,7.02
2025-06-12,69.36,70.23,70.4,68.36,507.90K,-0.59
2025-06-11,69.77,66.6,70.83,66.47,511.83K,4.34
2025-06-10,66.87,67.12,68.0,66.48,343.94K,-0.25
2025-06-09,67.04,66.59,67.19,66.07,281.13K,0.86
2025-06-06,66.47,65.26,66.67,64.8,335.32K,1.73
2025-06-05,65.34,64.77,65.85,64.6,260.73K,0.74
2025-06-04,64.86,65.52,65.95,64.27,376.27K,-1.17
2025-06-03,65.63,65.16,65.95,64.51,357.85K,1.55
2025-06-02,64.63,63.2,65.76,63.0,478.84K,1.14
2025-05-30,63.9,64.11,64.67,63.65,17.26K,-0.39
2025-05-29,64.15,65.03,66.13,63.79,120.07K,-0.26
2025-05-28,64.32,63.86,65.05,63.51,336.00K,1.18
2025-05-27,63.57,64.12,64.49,62.96,342.54K,-0.86
2025-05-26,64.12,64.42,64.81,63.89,88.47K,-0.14
2025-05-23,64.21,63.5,64.65,62.8,333.49K,0.45
2025-05-22,63.92,64.14,64.5,63.07,310.83K,-0.71
2025-05-21,64.38,65.45,65.93,64.03,378.48K,-0.59
2025-05-20,64.76,64.91,65.27,64.23,277.36K,-0.06
2025-05-19,64.8,64.73,65.28,63.84,269.75K,-0.93
2025-05-16,65.41,64.7,65.54,64.18,315.00K,1.36
2025-05-15,64.53,65.42,65.42,63.44,446.38K,-2.36
2025-05-14,66.09,66.56,66.59,65.68,302.75K,-0.81
2025-05-13,66.63,64.93,66.81,64.63,345.46K,2.57
2025-05-12,64.96,64.05,66.4,63.88,417.96K,1.64
2025-05-09,63.91,63.07,64.27,62.84,326.19K,1.7
2025-05-08,62.84,61.06,63.38,61.0,350.88K,2.81
2025-05-07,61.12,62.5,63.25,60.83,367.74K,-1.66
2025-05-06,62.15,60.28,62.8,60.18,385.65K,3.19
2025-05-05,60.23,59.5,60.82,58.5,321.53K,-1.73
2025-05-02,61.29,61.82,62.72,60.69,373.28K,-1.35
2025-05-01,62.13,61.23,62.4,59.3,449.04K,-1.57
2025-04-30,63.12,64.11,64.33,62.99,24.16K,-1.76
2025-04-29,64.25,65.79,65.83,63.9,120.75K,-2.44
2025-04-28,65.86,67.25,67.57,65.25,139.73K,-1.51
2025-04-25,66.87,66.57,67.18,65.55,183.22K,0.48
2025-04-24,66.55,66.11,67.02,65.8,214.13K,2.1
2025-04-23,65.18,67.01,67.64,64.39,461.72K,-1.96
2025-04-22,66.48,65.8,67.08,65.58,305.54K,1.81
2025-04-21,65.3,66.87,66.87,64.76,156.30K,-3.91
2025-04-17,67.96,66.25,68.14,65.95,301.81K,3.2
2025-04-16,65.85,64.82,66.36,63.79,348.37K,1.82
2025-04-15,64.67,64.96,65.4,64.21,276.51K,-0.32
2025-04-14,64.88,65.0,65.9,64.02,282.68K,0.19
2025-04-11,64.76,63.16,65.08,62.77,411.66K,2.26
2025-04-10,63.33,65.9,66.08,62.0,489.76K,-3.28
2025-04-09,65.48,61.13,66.02,58.4,931.66K,4.23
2025-04-08,62.82,64.59,65.21,61.34,667.30K,-2.16
2025-04-07,64.21,64.9,67.43,62.51,881.70K,-2.09
2025-04-04,65.58,70.0,70.11,64.03,987.63K,-6.5
2025-04-03,70.14,72.7,73.4,69.48,751.22K,-6.42
2025-04-02,74.95,74.52,75.47,73.1,448.93K,0.62
2025-04-01,74.49,74.67,75.29,74.33,440.73K,-0.33
2025-03-31,74.74,73.76,74.81,73.18,23.45K,1.51
2025-03-28,73.63,74.03,74.2,73.22,92.71K,-0.54
2025-03-27,74.03,73.9,74.07,73.23,113.71K,0.33
2025-03-26,73.79,73.27,74.17,73.09,185.49K,1.05
2025-03-25,73.02,73.08,73.57,72.5,224.65K,0.9
2025-03-24,72.37,71.7,72.57,71.26,329.03K,1.06
2025-03-21,71.61,71.8,71.97,71.01,303.43K,0.2
2025-03-20,71.47,70.49,71.76,70.1,364.36K,1.64
2025-03-19,70.32,70.05,70.77,69.51,253.48K,0.29
2025-03-18,70.12,70.44,71.68,69.85,315.81K,-0.68
2025-03-17,70.6,70.18,71.27,70.17,224.67K,0.03
2025-03-14,70.58,70.16,70.75,69.93,238.55K,1.0
2025-03-13,69.88,70.95,71.25,69.66,331.69K,-1.51
2025-03-12,70.95,69.95,71.1,69.48,273.31K,2.0
2025-03-11,69.56,69.05,70.44,68.63,282.86K,0.4
2025-03-10,69.28,70.49,70.88,69.05,275.18K,-1.53
2025-03-07,70.36,69.43,71.4,69.3,395.50K,1.3
2025-03-06,69.46,69.43,69.9,68.74,409.42K,0.23
2025-03-05,69.3,71.02,71.18,68.33,473.00K,-2.45
2025-03-04,71.04,71.3,71.36,69.75,505.15K,-0.81
2025-03-03,71.62,73.04,73.67,71.17,413.71K,-2.13
2025-02-28,73.18,73.72,73.84,72.97,16.15K,-1.16
2025-02-27,74.04,72.7,74.26,72.49,78.87K,2.08
2025-02-26,72.53,73.16,73.34,72.39,126.28K,-0.67
2025-02-25,73.02,74.74,75.26,72.7,188.29K,-1.74
2025-02-24,74.31,73.76,74.5,73.71,263.74K,0.35
2025-02-21,74.05,76.21,76.32,73.8,325.12K,-2.63
2025-02-20,76.05,75.68,76.71,75.36,309.86K,0.5
2025-02-19,75.67,75.44,76.4,75.38,250.06K,0.32
2025-02-18,75.43,74.95,75.67,74.59,285.65K,0.67
2025-02-17,74.93,74.36,75.07,73.91,189.58K,0.25
2025-02-14,74.74,75.0,75.85,74.53,302.06K,-0.37
2025-02-13,75.02,74.97,75.37,74.06,331.42K,-0.21
2025-02-12,75.18,76.82,76.91,74.92,371.41K,-2.36
2025-02-11,77.0,75.94,77.29,75.9,349.47K,1.49
2025-02-10,75.87,74.59,76.23,74.51,271.70K,1.62
2025-02-07,74.66,74.31,75.12,74.26,290.58K,0.5
2025-02-06,74.29,74.71,75.4,74.1,378.11K,-0.43
2025-02-05,74.61,76.21,76.34,74.56,343.53K,-2.09
2025-02-04,76.2,75.4,76.66,74.15,576.12K,0.32
2025-02-03,75.96,76.79,77.34,75.04,548.33K,-1.04
2025-01-31,76.76,77.25,77.51,76.48,17.83K,-0.14
2025-01-30,76.87,76.77,77.63,76.0,84.79K,0.38
2025-01-29,76.58,77.62,77.7,76.31,104.85K,-1.17
2025-01-28,77.49,77.01,78.18,76.85,215.56K,0.53
2025-01-27,77.08,78.34,79.0,76.3,247.12K,-0.61
2025-01-24,77.55,77.17,78.08,76.92,380.75K,-0.01
2025-01-23,77.56,78.01,78.8,77.12,379.04K,-0.75
2025-01-22,78.15,78.47,78.91,77.95,347.64K,-0.32
2025-01-21,78.4,78.78,79.37,77.66,382.47K,-0.88
2025-01-20,79.1,79.72,79.99,78.43,276.32K,-2.09
2025-01-17,80.79,81.44,81.93,80.5,309.20K,-0.62
2025-01-16,81.29,82.42,82.57,80.39,453.67K,-0.9
2025-01-15,82.03,80.29,82.63,79.62,484.58K,2.64
2025-01-14,79.92,80.92,81.15,79.87,445.38K,-1.35
2025-01-13,81.01,79.76,81.68,79.76,610.62K,1.57
2025-01-10,79.76,77.26,80.75,77.03,762.62K,3.69
2025-01-09,76.92,76.18,77.27,75.68,302.92K,1.0
2025-01-08,76.16,77.3,77.89,76.04,442.51K,-1.16
2025-01-07,77.05,76.18,77.3,75.91,368.63K,0.98
2025-01-06,76.3,76.58,77.5,75.94,372.57K,-0.27
2025-01-03,76.51,75.98,76.73,75.53,314.61K,0.76
2025-01-02,75.93,74.93,76.55,74.72,365.43K,1.73
2024-12-31,74.64,74.25,74.89,73.84,190.98K,0.34
2024-12-30,74.39,73.81,74.63,73.8,23.42K,0.3
2024-12-27,74.17,73.16,74.29,73.05,82.60K,1.24
2024-12-26,73.26,73.77,74.17,72.99,54.05K,-0.43
2024-12-24,73.58,72.96,73.81,72.79,93.49K,1.31
2024-12-23,72.63,72.86,73.38,71.98,184.07K,-0.43
2024-12-20,72.94,72.57,73.29,72.0,240.71K,0.08
2024-12-19,72.88,72.91,73.86,72.53,302.55K,-0.69
2024-12-18,73.39,73.26,74.2,72.8,285.30K,0.27
2024-12-17,73.19,73.91,74.18,72.48,270.25K,-0.97
2024-12-16,73.91,74.6,74.6,73.7,234.42K,-0.78
2024-12-13,74.49,73.33,74.59,73.3,246.40K,1.47
2024-12-12,73.41,73.6,74.0,72.42,324.25K,-0.15
2024-12-11,73.52,72.15,73.75,72.15,308.96K,1.84
2024-12-10,72.19,71.94,72.72,71.53,265.90K,0.07
2024-12-09,72.14,70.92,72.65,70.92,231.21K,1.43
2024-12-06,71.12,72.12,72.19,70.85,290.06K,-1.35
2024-12-05,72.09,72.52,72.92,71.8,318.76K,-0.3
2024-12-04,72.31,73.62,74.28,72.25,340.35K,-1.78
2024-12-03,73.62,71.93,73.93,71.68,365.42K,2.49
2024-12-02,71.83,72.0,72.89,71.52,289.49K,-1.52
2024-11-29,72.94,73.11,73.47,72.56,23.33K,-0.46
2024-11-28,73.28,72.87,73.49,72.38,49.82K,0.62
2024-11-27,72.83,72.88,73.37,72.27,106.53K,0.03
2024-11-26,72.81,72.85,74.36,72.09,200.70K,-0.27
2024-11-25,73.01,75.38,75.38,72.84,282.16K,-2.87
2024-11-22,75.17,74.29,75.41,73.43,298.30K,1.27
2024-11-21,74.23,73.1,74.4,72.91,307.87K,1.95
2024-11-20,72.81,73.38,73.94,72.7,260.51K,-0.68
2024-11-19,73.31,73.15,73.87,72.61,354.13K,0.01
2024-11-18,73.3,70.8,73.47,70.7,333.85K,3.18
2024-11-15,71.04,72.28,72.49,70.83,307.47K,-2.09
2024-11-14,72.56,72.12,73.22,71.79,264.41K,0.39
2024-11-13,72.28,71.78,72.63,70.72,388.33K,0.54
2024-11-12,71.89,71.97,72.82,71.55,317.34K,0.08
2024-11-11,71.83,73.85,74.13,71.57,366.90K,-2.76
2024-11-08,73.87,75.55,75.61,73.44,324.16K,-2.33
2024-11-07,75.63,74.99,76.08,74.02,397.04K,0.95
2024-11-06,74.92,75.3,75.98,73.34,467.56K,-0.81
2024-11-05,75.53,75.0,76.24,74.9,296.48K,0.6
2024-11-04,75.08,74.0,75.4,73.88,299.39K,2.71
2024-11-01,73.1,74.11,74.94,72.89,336.96K,-0.08
2024-10-31,73.16,72.85,73.38,72.2,14.27K,0.84
2024-10-30,72.55,71.39,73.12,71.08,90.92K,2.01
2024-10-29,71.12,72.0,72.6,70.72,108.89K,-0.42
2024-10-28,71.42,72.77,73.28,71.18,317.18K,-6.09
2024-10-25,76.05,74.66,76.14,74.17,209.78K,2.25
2024-10-24,74.38,75.35,76.54,74.0,272.67K,-0.77
2024-10-23,74.96,75.73,76.05,74.42,288.44K,-1.42
2024-10-22,76.04,74.23,76.32,73.57,353.15K,2.36
2024-10-21,74.29,73.11,74.57,72.8,279.25K,1.68
2024-10-18,73.06,74.59,74.95,72.5,320.78K,-1.87
2024-10-17,74.45,74.47,74.92,73.26,298.43K,0.31
2024-10-16,74.22,74.71,74.93,73.42,323.37K,-0.04
2024-10-15,74.25,75.22,75.57,73.34,491.23K,-4.14
2024-10-14,77.46,78.55,78.55,74.86,343.07K,-2.0
2024-10-11,79.04,79.14,79.5,78.04,365.34K,-0.45
2024-10-10,79.4,76.76,79.72,76.72,400.89K,3.68
2024-10-09,76.58,77.49,78.02,75.15,497.00K,-0.78
2024-10-08,77.18,80.96,81.14,76.36,646.38K,-4.63
2024-10-07,80.93,78.07,81.16,77.23,496.80K,3.69
2024-10-04,78.05,77.79,79.3,77.39,562.05K,0.55
2024-10-03,77.62,74.59,77.99,74.31,643.31K,5.03
2024-10-02,73.9,74.47,76.14,73.59,541.74K,0.46
2024-10-01,73.56,71.85,75.45,69.91,869.15K,2.49
2024-09-30,71.77,72.5,73.17,71.26,19.52K,-0.29
2024-09-27,71.98,71.42,72.45,70.91,99.35K,0.53
2024-09-26,71.6,73.4,73.8,70.72,162.22K,-2.53
2024-09-25,73.46,75.18,75.35,73.06,283.66K,-2.27
2024-09-24,75.17,74.13,75.87,73.95,238.47K,1.72
2024-09-23,73.9,74.71,75.17,73.1,273.95K,-0.79
2024-09-20,74.49,74.77,75.0,74.0,221.09K,-0.52
2024-09-19,74.88,73.13,75.18,72.91,299.01K,1.67
2024-09-18,73.65,73.69,74.1,72.31,290.81K,-0.07
2024-09-17,73.7,72.91,74.28,72.17,274.59K,1.31
2024-09-16,72.75,72.09,73.39,71.52,232.18K,1.59
2024-09-13,71.61,72.3,73.24,71.46,260.64K,-0.5
2024-09-12,71.97,70.6,72.87,70.59,361.87K,1.93
2024-09-11,70.61,69.68,71.09,69.0,354.35K,2.05
2024-09-10,69.19,71.92,72.28,68.68,395.71K,-3.69
2024-09-09,71.84,71.66,72.21,70.65,314.52K,1.1
2024-09-06,71.06,72.81,73.53,70.61,374.05K,-2.24
2024-09-05,72.69,72.76,74.2,72.37,394.47K,-0.01
2024-09-04,72.7,73.67,74.8,72.35,523.50K,-1.42
2024-09-03,73.75,77.16,77.55,73.51,568.05K,-4.86
2024-09-02,77.52,76.95,77.63,76.21,181.37K,-1.62
2024-08-30,78.8,79.92,80.6,78.57,17.11K,-1.43
2024-08-29,79.94,78.52,80.78,78.12,97.64K,1.64
2024-08-28,78.65,79.87,80.01,77.95,121.16K,-1.13
2024-08-27,79.55,81.26,81.59,79.47,238.22K,-2.31
2024-08-26,81.43,79.35,81.58,79.24,234.38K,3.05
2024-08-23,79.02,77.25,79.27,77.03,216.34K,2.33
2024-08-22,77.22,75.96,77.7,75.77,277.53K,1.54
2024-08-21,76.05,77.13,78.21,75.65,323.32K,-1.49
2024-08-20,77.2,77.66,78.35,76.55,367.14K,-0.59
2024-08-19,77.66,79.6,79.81,77.48,366.54K,-2.54
2024-08-16,79.68,80.86,81.02,78.62,320.91K,-1.68
2024-08-15,81.04,79.96,81.43,79.61,270.93K,1.6
2024-08-14,79.76,81.0,81.44,79.6,359.13K,-1.15
2024-08-13,80.69,81.88,82.3,80.55,356.46K,-1.96
2024-08-12,82.3,79.56,82.4,79.46,328.38K,3.31
2024-08-09,79.66,79.03,79.83,78.77,213.07K,0.63
2024-08-08,79.16,78.55,79.37,77.63,320.08K,1.06
2024-08-07,78.33,76.16,78.87,75.95,444.74K,2.42
2024-08-06,76.48,77.45,77.85,75.58,393.03K,0.24
2024-08-05,76.3,77.61,77.74,75.05,557.81K,-0.66
2024-08-02,76.81,79.98,80.46,76.42,501.31K,-3.41
2024-08-01,79.52,81.44,81.8,79.43,364.93K,-1.49
2024-07-31,80.72,79.02,80.95,79.02,12.09K,2.66
2024-07-30,78.63,79.64,79.99,78.43,87.78K,-1.44
2024-07-29,79.78,81.3,81.74,79.36,132.25K,-1.66
2024-07-26,81.13,82.4,82.71,80.33,204.95K,-1.51
2024-07-25,82.37,81.58,82.53,80.09,332.16K,0.81
2024-07-24,81.71,81.46,82.23,80.93,298.20K,0.86
2024-07-23,81.01,82.25,82.79,80.51,384.32K,-1.69
2024-07-22,82.4,82.8,83.22,81.6,341.72K,-0.28
2024-07-19,82.63,84.72,85.35,82.56,362.34K,-2.91
2024-07-18,85.11,85.23,85.81,84.22,368.32K,0.04
2024-07-17,85.08,83.66,85.2,83.43,325.40K,1.61
2024-07-16,83.73,84.78,84.86,83.3,327.85K,-1.32
2024-07-15,84.85,85.1,85.37,84.42,229.27K,-0.21
2024-07-12,85.03,85.69,86.35,84.95,363.93K,-0.43
2024-07-11,85.4,85.45,85.89,84.64,336.70K,0.38
2024-07-10,85.08,84.92,85.66,84.0,401.56K,0.5
2024-07-09,84.66,85.67,85.85,84.53,354.29K,-1.27
2024-07-08,85.75,86.74,86.92,85.56,303.58K,-0.91
2024-07-05,86.54,87.45,87.95,86.49,265.30K,-1.02
2024-07-04,87.43,87.09,87.59,86.51,179.04K,0.1
2024-07-03,87.34,86.44,87.39,85.89,334.82K,1.28
2024-07-02,86.24,86.71,87.46,86.16,429.15K,-0.42
2024-07-01,86.6,84.9,86.88,84.85,401.36K,0.22
2024-06-28,86.41,86.56,87.22,86.24,20.94K,0.02
2024-06-27,86.39,85.01,86.5,84.88,119.99K,1.34
2024-06-26,85.25,84.89,85.81,84.47,142.86K,0.28
2024-06-25,85.01,86.06,86.23,84.74,197.50K,-1.16
2024-06-24,86.01,84.99,86.16,84.71,179.76K,0.9
2024-06-21,85.24,85.66,86.24,84.84,240.12K,-0.55
2024-06-20,85.71,85.19,85.96,84.95,256.46K,0.75
2024-06-19,85.07,85.4,85.84,84.9,251.83K,-0.3
2024-06-18,85.33,84.31,85.49,83.67,402.24K,1.28
2024-06-17,84.25,82.61,84.55,82.1,359.72K,1.97
2024-06-14,82.62,82.05,83.39,81.92,336.48K,-0.16
2024-06-13,82.75,82.42,83.05,81.8,334.00K,0.18
2024-06-12,82.6,82.08,83.34,81.96,333.39K,0.83
2024-06-11,81.92,81.97,82.36,81.19,332.53K,0.36
2024-06-10,81.63,79.38,82.17,79.34,344.71K,2.52
2024-06-07,79.62,80.05,80.38,79.32,267.07K,-0.31
2024-06-06,79.87,78.7,80.08,78.38,344.98K,1.86
2024-06-05,78.41,77.29,78.66,77.18,339.35K,1.15
2024-06-04,77.52,78.14,78.22,76.76,472.05K,-1.07
2024-06-03,78.36,81.15,81.65,78.09,458.86K,-3.99
2024-05-31,81.62,81.74,82.18,81.17,17.29K,-0.29
2024-05-30,81.86,83.51,83.77,81.8,105.41K,-2.08
2024-05-29,83.6,84.61,85.02,83.29,127.27K,-0.74
2024-05-28,84.22,83.0,84.62,83.0,184.26K,1.35
2024-05-27,83.1,82.2,83.2,82.08,56.71K,1.19
2024-05-24,82.12,81.4,82.46,80.65,180.64K,0.93
2024-05-23,81.36,81.59,82.97,80.93,322.41K,-0.66
2024-05-22,81.9,82.58,82.63,81.57,347.60K,-1.18
2024-05-21,82.88,83.75,83.76,82.04,388.56K,-0.99
2024-05-20,83.71,83.98,84.49,83.11,299.83K,-0.32
2024-05-17,83.98,83.43,84.04,83.08,277.18K,0.85
2024-05-16,83.27,83.03,83.78,82.31,305.71K,0.63
2024-05-15,82.75,82.76,83.07,81.05,385.98K,0.45
2024-05-14,82.38,83.41,83.62,82.1,333.57K,-1.18
2024-05-13,83.36,82.78,83.84,82.26,331.78K,0.69
2024-05-10,82.79,84.21,84.53,82.7,311.45K,-1.3
2024-05-09,83.88,83.79,84.33,83.45,309.45K,0.36
2024-05-08,83.58,83.02,83.82,81.71,395.43K,0.51
2024-05-07,83.16,83.72,83.88,82.41,365.21K,-0.2
2024-05-06,83.33,82.99,83.83,82.77,222.39K,0.45
2024-05-03,82.96,83.9,84.39,82.78,335.57K,-0.85
2024-05-02,83.67,83.59,84.44,83.05,392.64K,0.28
2024-05-01,83.44,85.8,85.89,83.29,482.83K,-5.03
2024-04-30,87.86,88.41,88.79,87.46,14.19K,-0.61
2024-04-29,88.4,89.22,89.29,88.11,99.95K,-1.23
2024-04-26,89.5,89.23,89.83,88.78,113.70K,0.55
2024-04-25,89.01,87.89,89.31,87.31,241.35K,1.12
2024-04-24,88.02,88.45,88.86,87.65,241.64K,-0.45
2024-04-23,88.42,87.2,88.51,86.03,341.78K,1.63
2024-04-22,87.0,87.07,87.26,85.79,372.13K,-0.33
2024-04-19,87.29,87.04,90.75,86.19,499.71K,0.21
2024-04-18,87.11,87.42,87.8,86.09,433.24K,-0.21
2024-04-17,87.29,90.11,90.17,87.13,462.93K,-3.03
2024-04-16,90.02,90.43,90.84,89.41,323.52K,-0.09
2024-04-15,90.1,90.95,91.05,88.73,410.36K,-0.39
2024-04-12,90.45,90.13,92.18,90.01,401.22K,0.79
2024-04-11,89.74,90.52,90.92,89.38,377.53K,-0.82
2024-04-10,90.48,89.55,90.71,88.83,371.23K,1.19
2024-04-09,89.42,90.63,90.94,89.25,346.43K,-1.06
2024-04-08,90.38,90.09,91.1,88.78,392.34K,-0.87
2024-04-05,91.17,91.21,91.91,90.57,390.78K,0.57
2024-04-04,90.65,89.48,91.3,88.72,390.95K,1.45
2024-04-03,89.35,89.22,89.99,88.67,367.37K,0.48
2024-04-02,88.92,87.62,89.32,87.62,427.94K,1.72
2024-04-01,87.42,86.98,87.98,86.4,274.96K,-0.07
2024-03-28,87.48,86.41,87.52,86.3,18.69K,1.61
2024-03-27,86.09,85.86,86.39,85.17,96.51K,-0.19
2024-03-26,86.25,86.81,87.06,85.8,126.82K,-0.58
2024-03-25,86.75,85.5,87.17,85.4,175.00K,1.55
2024-03-22,85.43,85.66,86.15,85.11,168.35K,-0.41
2024-03-21,85.78,86.24,86.64,85.06,271.87K,-0.2
2024-03-20,85.95,87.15,87.35,85.59,386.30K,-1.64
2024-03-19,87.38,86.94,87.7,86.48,367.42K,0.56
2024-03-18,86.89,85.32,87.18,85.25,390.07K,1.82
2024-03-15,85.34,85.15,85.55,84.6,287.01K,-0.09
2024-03-14,85.42,84.04,85.69,83.98,383.73K,1.65
2024-03-13,84.03,82.45,84.24,81.96,391.69K,2.58
2024-03-12,81.92,82.45,83.01,81.69,320.25K,-0.35
2024-03-11,82.21,82.0,82.75,81.08,347.33K,0.16
2024-03-08,82.08,83.18,83.84,81.71,320.30K,-1.06
2024-03-07,82.96,82.92,83.53,82.07,374.57K,0.0
2024-03-06,82.96,82.01,84.05,81.85,372.05K,1.12
2024-03-05,82.04,82.74,83.14,81.72,450.40K,-0.92
2024-03-04,82.8,83.5,84.08,82.57,369.83K,-0.9
2024-03-01,83.55,82.07,84.34,81.81,402.47K,-0.08
2024-02-29,83.62,83.23,83.9,83.05,16.34K,-0.07
2024-02-28,83.68,83.3,84.31,82.6,107.85K,0.04
2024-02-27,83.65,82.64,83.7,82.1,79.81K,1.36
2024-02-26,82.53,81.41,83.07,81.0,180.34K,1.11
2024-02-23,81.62,83.39,83.48,81.43,226.40K,-2.45
2024-02-22,83.67,83.2,83.96,82.33,275.28K,0.77
2024-02-21,83.03,82.5,83.17,81.66,305.18K,0.84
2024-02-20,82.34,83.24,83.63,82.05,297.03K,-1.46
2024-02-19,83.56,83.28,83.6,82.55,185.06K,0.11
2024-02-16,83.47,82.79,83.66,81.89,337.06K,0.74
2024-02-15,82.86,81.42,83.25,80.72,330.45K,1.54
2024-02-14,81.6,82.6,83.6,81.39,344.36K,-1.41
2024-02-13,82.77,82.0,83.24,81.96,331.80K,0.94
2024-02-12,82.0,81.94,82.19,80.77,246.24K,-0.23
2024-02-09,82.19,81.72,82.45,81.21,315.32K,0.69
2024-02-08,81.63,79.3,81.9,79.03,436.50K,3.06
2024-02-07,79.21,78.7,79.5,78.49,291.68K,0.79
2024-02-06,78.59,77.95,79.08,77.63,305.61K,0.77
2024-02-05,77.99,77.9,78.33,76.62,293.37K,0.85
2024-02-02,77.33,79.15,79.44,76.85,411.75K,-1.74
2024-02-01,78.7,80.57,81.55,78.57,525.77K,-3.68
2024-01-31,81.71,82.94,82.94,81.59,14.38K,-1.4
2024-01-30,82.87,82.62,83.3,81.34,89.31K,0.57
2024-01-29,82.4,84.13,84.8,82.03,129.91K,-1.38
2024-01-26,83.55,82.44,83.81,81.31,240.25K,1.36
2024-01-25,82.43,80.31,82.57,80.06,248.18K,2.99
2024-01-24,80.04,79.56,80.73,79.05,230.75K,0.62
2024-01-23,79.55,79.92,80.43,78.7,331.10K,-0.64
2024-01-22,80.06,78.89,80.55,77.81,319.71K,1.91
2024-01-19,78.56,79.1,79.73,78.32,282.31K,-0.68
2024-01-18,79.1,78.15,79.3,77.33,325.29K,1.57
2024-01-17,77.88,77.77,78.19,76.5,355.40K,-0.52
2024-01-16,78.29,78.43,79.4,77.6,298.55K,0.18
2024-01-15,78.15,78.14,78.9,76.85,177.69K,-0.18
2024-01-12,78.29,78.75,80.75,77.96,401.34K,1.14
2024-01-11,77.41,76.7,79.1,76.66,396.77K,0.79
2024-01-10,76.8,77.48,78.73,76.38,353.70K,-1.02
2024-01-09,77.59,76.3,78.19,75.95,346.79K,1.93
2024-01-08,76.12,78.7,78.95,75.26,342.63K,-3.35
2024-01-05,78.76,77.71,79.26,77.66,291.00K,1.51
2024-01-04,77.59,78.56,79.41,76.5,356.65K,-0.84
2024-01-03,78.25,76.06,78.67,74.79,361.77K,3.11
2024-01-02,75.89,77.39,79.06,75.6,338.35K,-1.49
2023-12-29,77.04,77.38,77.98,76.73,192.95K,-1.72
2023-12-28,78.39,79.8,79.95,78.25,18.78K,-1.58
2023-12-27,79.65,80.79,81.33,79.29,70.39K,-1.75
2023-12-26,81.07,79.04,81.72,78.76,59.74K,2.53
2023-12-22,79.07,79.35,80.37,78.88,119.19K,-0.4
2023-12-21,79.39,79.0,80.13,77.81,193.32K,-0.39
2023-12-20,79.7,79.17,80.6,79.07,241.81K,0.59
2023-12-19,79.23,78.06,79.67,77.41,214.68K,1.64
2023-12-18,77.95,76.8,79.51,75.76,279.47K,1.83
2023-12-15,76.55,76.66,77.23,75.29,223.09K,-0.08
2023-12-14,76.61,74.76,77.35,74.44,257.52K,3.16
2023-12-13,74.26,73.26,74.7,72.29,260.18K,1.39
2023-12-12,73.24,76.17,76.66,72.86,310.09K,-3.67
2023-12-11,76.03,75.73,76.5,75.01,212.76K,0.25
2023-12-08,75.84,74.59,76.36,74.2,228.45K,2.42
2023-12-07,74.05,74.5,75.48,73.6,297.94K,-0.34
2023-12-06,74.3,77.12,77.65,74.11,385.40K,-3.76
2023-12-05,77.2,78.1,79.09,77.0,352.89K,-1.06
2023-12-04,78.03,79.5,79.72,77.52,388.38K,-1.08
2023-12-01,78.88,80.67,81.54,78.75,350.25K,-4.77
2023-11-30,82.83,82.78,84.75,82.58,15.08K,-0.32
2023-11-29,83.1,81.91,83.25,80.96,98.24K,1.74
2023-11-28,81.68,80.19,82.16,79.8,112.50K,2.13
2023-11-27,79.98,80.4,81.17,79.13,157.36K,-0.74
2023-11-24,80.58,81.4,82.2,80.13,114.14K,-1.03
2023-11-23,81.42,81.6,81.63,80.19,108.32K,-0.66
2023-11-22,81.96,82.47,82.65,78.41,367.18K,-0.59
2023-11-21,82.45,82.13,82.54,81.43,238.51K,0.16
2023-11-20,82.32,80.3,82.94,79.58,248.33K,2.12
2023-11-17,80.61,77.55,80.81,77.28,340.03K,4.12
2023-11-16,77.42,80.98,81.17,76.6,441.64K,-4.63
2023-11-15,81.18,82.39,83.04,80.79,299.42K,-1.56
2023-11-14,82.47,82.71,83.97,82.06,248.94K,-0.06
2023-11-13,82.52,81.43,82.84,80.41,243.30K,1.34
2023-11-10,81.43,79.85,82.06,79.79,249.55K,1.77
2023-11-09,80.01,79.7,81.48,79.44,306.11K,0.59
2023-11-08,79.54,81.4,81.96,79.2,420.70K,-2.54
2023-11-07,81.61,85.15,85.19,81.4,402.76K,-4.19
2023-11-06,85.18,85.55,86.46,84.88,239.23K,0.34
2023-11-03,84.89,86.92,87.8,84.56,354.85K,-2.26
2023-11-02,86.85,85.0,87.05,84.64,301.87K,2.62
2023-11-01,84.63,85.45,87.24,84.58,321.66K,-3.18
2023-10-31,87.41,87.9,88.61,87.4,13.68K,-0.05
2023-10-30,87.45,90.07,90.15,87.2,99.04K,-3.35
2023-10-27,90.48,88.4,90.75,87.83,109.14K,2.9
2023-10-26,87.93,89.92,90.4,87.53,198.64K,-2.44
2023-10-25,90.13,88.04,90.35,86.68,290.91K,2.34
2023-10-24,88.07,90.47,90.68,87.35,304.12K,-1.96
2023-10-23,89.83,92.11,92.45,89.62,282.44K,-2.53
2023-10-20,92.16,93.23,93.79,91.66,272.72K,-0.24
2023-10-19,92.38,91.35,93.48,89.57,309.00K,0.96
2023-10-18,91.5,91.25,93.0,90.6,348.19K,1.78
2023-10-17,89.9,89.91,91.0,88.88,252.83K,0.28
2023-10-16,89.65,90.98,91.39,89.5,283.25K,-1.36
2023-10-13,90.89,86.35,91.0,86.28,424.71K,5.69
2023-10-12,86.0,85.53,87.64,85.18,370.44K,0.21
2023-10-11,85.82,87.72,88.26,85.21,402.31K,-2.09
2023-10-10,87.65,88.17,88.49,86.91,352.11K,-0.57
2023-10-09,88.15,86.45,89.0,86.0,412.76K,4.22
2023-10-06,84.58,84.49,84.95,83.44,424.46K,0.61
2023-10-05,84.07,85.88,86.52,83.84,510.68K,-2.03
2023-10-04,85.81,91.04,91.21,85.75,525.56K,-5.62
2023-10-03,90.92,90.4,91.56,89.5,437.64K,0.23
2023-10-02,90.71,92.18,93.33,90.35,423.48K,-4.83
2023-09-29,95.31,95.07,96.26,94.9,12.84K,-0.07
2023-09-28,95.38,96.74,97.69,94.76,91.45K,-1.21
2023-09-27,96.55,94.12,97.06,94.1,146.72K,2.76
2023-09-26,93.96,93.28,94.21,91.8,169.45K,0.72
2023-09-25,93.29,93.75,94.25,92.54,177.62K,0.02
2023-09-22,93.27,93.37,94.64,92.8,240.04K,-0.03
2023-09-21,93.3,93.08,94.6,92.2,314.69K,-0.25
2023-09-20,93.53,94.49,94.72,92.76,330.59K,-0.86
2023-09-19,94.34,94.66,95.96,94.16,403.40K,-0.1
2023-09-18,94.43,94.28,94.95,93.79,337.78K,0.53
2023-09-15,93.93,94.02,94.63,92.67,316.90K,0.25
2023-09-14,93.7,92.04,94.21,92.02,310.00K,1.98
2023-09-13,91.88,92.04,92.84,91.63,302.75K,-0.2
2023-09-12,92.06,90.62,92.4,90.52,336.57K,1.57
2023-09-11,90.64,90.83,91.45,90.11,303.42K,-0.01
2023-09-08,90.65,89.79,91.02,89.3,298.14K,0.81
2023-09-07,89.92,90.81,90.89,89.46,213.02K,-0.75
2023-09-06,90.6,90.12,91.1,89.25,282.91K,0.62
2023-09-05,90.04,88.91,91.15,88.06,428.45K,1.17
2023-09-04,89.0,88.95,89.22,88.26,140.67K,0.51
2023-09-01,88.55,86.82,88.99,86.74,380.76K,1.95
2023-08-31,86.86,86.0,86.94,85.74,11.27K,1.16
2023-08-30,85.86,85.62,86.23,85.11,86.74K,0.43
2023-08-29,85.49,84.39,85.65,83.8,115.36K,1.27
2023-08-28,84.42,84.87,85.23,84.11,88.35K,-0.07
2023-08-25,84.48,83.26,84.97,82.67,230.35K,1.34
2023-08-24,83.36,82.95,83.62,81.97,253.84K,0.18
2023-08-23,83.21,83.99,84.26,81.94,361.61K,-0.98
2023-08-22,84.03,84.46,84.66,83.85,287.35K,-0.51
2023-08-21,84.46,84.8,85.86,84.31,289.24K,-0.4
2023-08-18,84.8,83.88,85.08,83.33,287.97K,0.81
2023-08-17,84.12,83.2,84.88,83.05,305.58K,0.8
2023-08-16,83.45,85.2,85.36,83.13,334.45K,-1.7
2023-08-15,84.89,86.12,86.68,84.29,305.41K,-1.53
2023-08-14,86.21,86.53,86.71,85.5,267.09K,-0.69
2023-08-11,86.81,86.37,87.35,85.84,318.06K,0.47
2023-08-10,86.4,87.39,88.1,86.2,337.57K,-1.31
2023-08-09,87.55,86.0,87.65,85.91,388.30K,1.6
2023-08-08,86.17,85.79,86.34,83.32,375.87K,0.97
2023-08-07,85.34,86.23,86.73,85.03,259.62K,-1.04
2023-08-04,86.24,85.31,86.65,85.06,268.75K,1.29
2023-08-03,85.14,83.46,85.41,82.36,392.61K,2.33
2023-08-02,83.2,85.86,85.99,82.74,399.19K,-2.01
2023-08-01,84.91,85.24,85.91,84.21,297.77K,-0.76
2023-07-31,85.56,84.95,85.8,84.4,16.53K,0.67
2023-07-28,84.99,83.71,85.09,83.22,102.84K,0.89
2023-07-27,84.24,82.93,84.5,82.93,110.65K,1.59
2023-07-26,82.92,83.19,83.85,82.58,173.82K,-0.86
2023-07-25,83.64,82.85,83.87,82.22,234.66K,1.09
2023-07-24,82.74,80.95,83.16,80.42,295.10K,2.06
2023-07-21,81.07,79.78,81.24,79.65,294.35K,1.8
2023-07-20,79.64,79.33,80.27,78.66,236.41K,0.23
2023-07-19,79.46,79.84,80.93,79.17,311.44K,-0.21
2023-07-18,79.63,78.52,79.99,78.19,366.47K,1.44
2023-07-17,78.5,79.36,80.64,78.25,341.16K,-1.72
2023-07-14,79.87,81.64,81.7,79.53,311.23K,-1.83
2023-07-13,81.36,80.19,81.75,79.88,416.12K,1.56
2023-07-12,80.11,79.32,80.55,79.21,362.33K,0.89
2023-07-11,79.4,77.82,79.5,77.63,333.84K,2.2
2023-07-10,77.69,78.6,78.77,77.36,288.40K,-0.99
2023-07-07,78.47,76.52,78.54,76.03,331.53K,2.55
2023-07-06,76.52,76.7,77.09,75.03,333.88K,-0.17
2023-07-05,76.65,76.03,76.95,75.3,293.74K,0.52
2023-07-04,76.25,74.89,76.29,74.74,157.96K,2.14
2023-07-03,74.65,75.11,76.6,74.56,328.00K,-0.33
2023-06-30,74.9,74.22,75.4,74.21,14.70K,0.75
2023-06-29,74.34,73.72,74.98,73.39,72.87K,0.42
2023-06-28,74.03,72.62,74.2,71.57,91.45K,2.45
2023-06-27,72.26,74.28,74.9,72.08,161.15K,-2.59
2023-06-26,74.18,74.5,74.85,73.42,150.17K,0.45
2023-06-23,73.85,74.02,74.44,72.11,169.54K,-0.39
2023-06-22,74.14,77.03,77.2,73.59,329.53K,-3.86
2023-06-21,77.12,75.54,77.24,75.52,236.55K,1.61
2023-06-20,75.9,76.12,77.15,74.51,276.38K,-0.25
2023-06-19,76.09,76.4,76.93,75.34,141.42K,-0.68
2023-06-16,76.61,75.64,76.74,75.08,256.25K,1.24
2023-06-15,75.67,73.41,75.97,72.91,260.41K,3.37
2023-06-14,73.2,74.05,75.49,73.03,318.37K,-1.47
2023-06-13,74.29,72.11,74.66,71.94,321.15K,3.41
2023-06-12,71.84,74.87,74.87,71.58,358.50K,-3.94
2023-06-09,74.79,75.53,76.57,74.71,260.20K,-1.54
2023-06-08,75.96,76.8,77.68,73.58,393.89K,-1.29
2023-06-07,76.95,76.22,77.64,75.51,325.63K,0.87
2023-06-06,76.29,76.55,76.75,74.72,304.58K,-0.55
2023-06-05,76.71,77.68,78.73,76.31,384.00K,0.76
2023-06-02,76.13,74.28,76.5,74.18,273.54K,2.49
2023-06-01,74.28,72.15,75.25,72.03,349.92K,2.23
2023-05-31,72.66,73.6,73.81,71.39,20.11K,-1.2
2023-05-30,73.54,76.98,77.57,73.2,112.18K,-4.58
2023-05-29,77.07,77.39,77.75,76.15,31.55K,0.16
2023-05-26,76.95,76.09,77.35,75.73,150.62K,0.9
2023-05-25,76.26,78.22,78.5,75.1,237.72K,-2.68
2023-05-24,78.36,77.7,78.66,77.03,285.99K,1.98
2023-05-23,76.84,76.15,77.74,75.65,287.23K,1.12
2023-05-22,75.99,75.63,76.46,74.55,241.96K,0.54
2023-05-19,75.58,76.03,77.5,75.12,240.53K,-0.37
2023-05-18,75.86,76.78,76.99,75.5,232.00K,-1.43
2023-05-17,76.96,74.67,77.31,74.1,297.06K,2.74
2023-05-16,74.91,75.55,75.95,74.5,216.20K,-0.43
2023-05-15,75.23,74.15,75.75,73.49,240.52K,1.43
2023-05-12,74.17,75.35,75.85,74.03,259.22K,-1.08
2023-05-11,74.98,76.62,77.41,74.61,345.16K,-1.87
2023-05-10,76.41,77.36,77.6,75.68,311.37K,-1.33
2023-05-09,77.44,76.71,77.5,75.07,283.41K,0.56
2023-05-08,77.01,75.23,77.43,74.95,185.75K,2.27
2023-05-05,75.3,72.69,75.75,72.41,265.07K,3.86
2023-05-04,72.5,71.28,73.72,71.28,362.23K,0.24
2023-05-03,72.33,75.31,75.58,71.7,469.62K,-3.97
2023-05-02,75.32,79.28,79.78,75.07,383.59K,-5.03
2023-05-01,79.31,80.11,80.24,78.13,146.56K,-0.29
2023-04-28,79.54,78.25,79.61,77.69,13.30K,1.49
2023-04-27,78.37,77.77,78.61,77.39,104.39K,0.88
2023-04-26,77.69,80.92,81.47,77.46,172.82K,-3.81
2023-04-25,80.77,82.59,83.06,80.35,209.28K,-2.37
2023-04-24,82.73,81.87,82.99,80.48,197.90K,1.31
2023-04-21,81.66,80.79,82.05,80.45,196.85K,0.69
2023-04-20,81.1,82.75,82.92,80.77,302.90K,-2.43
2023-04-19,83.12,84.9,85.15,82.39,333.22K,-1.95
2023-04-18,84.77,84.74,85.41,83.81,315.70K,0.01
2023-04-17,84.76,86.43,86.52,84.34,261.81K,-1.8
2023-04-14,86.31,86.18,86.87,85.53,262.58K,0.26
2023-04-13,86.09,87.19,87.47,86.05,291.94K,-1.42
2023-04-12,87.33,85.59,87.49,85.39,347.80K,2.01
2023-04-11,85.61,84.24,85.67,83.75,262.67K,1.7
2023-04-10,84.18,85.1,85.66,84.09,140.53K,-1.1
2023-04-06,85.12,84.89,85.45,84.05,259.62K,0.15
2023-04-05,84.99,85.22,85.54,84.01,246.48K,0.06
2023-04-04,84.94,84.89,86.04,83.82,308.53K,0.01
2023-04-03,84.93,86.0,86.44,83.5,478.31K,6.47
2023-03-31,79.77,79.19,79.8,78.54,6.85K,0.63
2023-03-30,79.27,78.23,79.55,77.86,62.92K,1.26
2023-03-29,78.28,78.97,79.68,77.94,79.54K,-0.47
2023-03-28,78.65,78.23,79.2,77.54,145.68K,0.68
2023-03-27,78.12,75.0,78.42,74.8,146.95K,4.17
2023-03-24,74.99,75.53,76.32,72.68,156.31K,-1.21
2023-03-23,75.91,75.87,77.44,75.12,199.64K,-1.02
2023-03-22,76.69,75.15,77.12,74.5,194.04K,1.82
2023-03-21,75.32,73.64,75.42,72.82,226.84K,2.07
2023-03-20,73.79,73.01,73.87,70.12,282.57K,1.12
2023-03-17,72.97,74.7,75.92,71.4,427.49K,-2.32
2023-03-16,74.7,74.3,75.54,71.86,332.59K,1.37
2023-03-15,73.69,77.82,78.73,71.67,547.56K,-4.85
2023-03-14,77.45,80.54,80.92,76.89,357.86K,-4.11
2023-03-13,80.77,82.6,83.48,78.34,467.28K,-2.43
2023-03-10,82.78,81.47,83.11,80.73,369.28K,1.46
2023-03-09,81.59,82.55,84.0,81.42,282.56K,-1.29
2023-03-08,82.66,83.03,83.59,82.06,297.09K,-0.76
2023-03-07,83.29,86.23,86.75,82.83,295.19K,-3.35
2023-03-06,86.18,85.83,86.35,84.34,244.34K,0.41
2023-03-03,85.83,84.61,86.0,82.36,312.90K,1.27
2023-03-02,84.75,84.31,85.1,83.83,214.22K,0.52
2023-03-01,84.31,83.05,84.49,82.61,242.66K,0.5
2023-02-28,83.89,82.3,84.15,82.19,12.30K,1.75
2023-02-27,82.45,83.19,83.6,81.73,58.85K,-0.85
2023-02-24,83.16,82.49,83.39,81.07,107.15K,1.16
2023-02-23,82.21,80.48,82.77,80.4,157.67K,2.0
2023-02-22,80.6,82.78,83.25,80.43,253.14K,-2.95
2023-02-21,83.05,83.86,84.2,82.56,231.63K,-1.21
2023-02-20,84.07,83.15,84.3,82.73,143.85K,1.29
2023-02-17,83.0,84.6,84.87,81.8,303.66K,-2.51
2023-02-16,85.14,85.27,86.21,84.6,197.02K,-0.28
2023-02-15,85.38,85.2,85.85,83.88,245.98K,-0.23
2023-02-14,85.58,85.83,86.42,84.13,231.63K,-1.19
2023-02-13,86.61,86.51,86.95,85.1,207.62K,0.25
2023-02-10,86.39,84.22,86.9,83.93,297.34K,2.24
2023-02-09,84.5,84.96,85.5,83.05,260.73K,-0.69
2023-02-08,85.09,84.11,85.15,83.51,254.14K,1.67
2023-02-07,83.69,81.26,84.13,81.19,290.98K,3.33
2023-02-06,80.99,79.61,81.43,79.1,325.21K,1.31
2023-02-03,79.94,82.27,84.2,79.62,330.32K,-2.71
2023-02-02,82.17,83.34,83.61,81.25,287.09K,-0.81
2023-02-01,82.84,85.56,86.21,82.37,348.66K,-1.95
2023-01-31,84.49,85.18,85.25,83.73,11.89K,-0.48
2023-01-30,84.9,86.88,87.48,84.66,65.55K,-2.03
2023-01-27,86.66,87.65,88.95,85.69,107.08K,-0.93
2023-01-26,87.47,86.35,88.01,85.74,139.10K,1.57
2023-01-25,86.12,86.28,87.0,85.41,159.47K,-0.01
2023-01-24,86.13,88.07,88.71,85.8,207.75K,-2.34
2023-01-23,88.19,87.7,89.09,86.92,192.41K,0.64
2023-01-20,87.63,86.42,87.79,85.58,212.92K,1.71
2023-01-19,86.16,84.34,86.85,83.76,250.96K,1.39
2023-01-18,84.98,86.45,87.85,84.36,288.15K,-1.09
2023-01-17,85.92,84.2,86.82,84.04,238.30K,1.73
2023-01-16,84.46,85.36,85.59,83.83,125.96K,-0.96
2023-01-13,85.28,83.91,85.5,83.5,217.40K,1.49
2023-01-12,84.03,82.88,84.62,82.37,264.07K,1.65
2023-01-11,82.67,79.52,83.0,79.31,273.79K,3.21
2023-01-10,80.1,79.54,80.89,78.81,244.35K,0.56
2023-01-09,79.65,78.42,81.37,78.42,245.12K,1.37
2023-01-06,78.57,78.8,80.59,78.05,215.42K,-0.15
2023-01-05,78.69,78.16,79.97,77.61,259.58K,1.09
2023-01-04,77.84,82.31,82.72,77.72,319.31K,-5.19
2023-01-03,82.1,85.96,87.0,81.78,302.86K,-4.43
2022-12-30,85.91,83.71,86.0,82.88,168.65K,4.44
2022-12-29,82.26,82.88,83.14,81.28,10.99K,-1.2
2022-12-28,83.26,84.6,84.76,81.92,57.56K,-1.27
2022-12-27,84.33,84.5,85.6,83.65,62.00K,0.49
2022-12-23,83.92,81.69,84.12,81.29,82.36K,3.63
2022-12-22,80.98,82.52,83.85,80.67,166.01K,-1.48
2022-12-21,82.2,79.94,82.52,79.55,148.44K,2.76
2022-12-20,79.99,80.25,80.89,78.28,183.95K,0.24
2022-12-19,79.8,79.21,80.87,78.6,174.24K,0.96
2022-12-16,79.04,81.32,81.78,78.29,243.49K,-2.67
2022-12-15,81.21,82.76,83.18,80.83,194.97K,-1.8
2022-12-14,82.7,80.35,83.15,80.11,209.83K,2.5
2022-12-13,80.68,78.13,81.28,78.1,243.82K,3.45
2022-12-12,77.99,76.88,78.59,75.26,213.07K,2.48
2022-12-09,76.1,76.63,77.48,75.11,216.50K,-0.07
2022-12-08,76.15,77.46,79.17,75.74,259.02K,-1.32
2022-12-07,77.17,79.76,80.49,76.91,279.37K,-2.75
2022-12-06,79.35,83.28,83.69,78.7,309.55K,-4.03
2022-12-05,82.68,85.73,88.44,82.52,252.90K,-3.38
2022-12-02,85.57,86.9,87.91,85.16,198.73K,-1.51
2022-12-01,86.88,86.78,89.37,86.26,229.13K,1.7
2022-11-30,85.43,83.77,85.67,83.61,9.05K,2.89
2022-11-29,83.03,82.41,86.0,82.39,67.93K,-0.19
2022-11-28,83.19,83.58,84.1,80.61,102.56K,-0.53
2022-11-25,83.63,85.5,86.87,83.59,85.31K,-2.0
2022-11-24,85.34,85.04,85.54,83.9,75.61K,-0.08
2022-11-23,85.41,88.47,89.56,84.12,212.14K,-3.34
2022-11-22,88.36,87.76,89.9,87.35,190.85K,1.04
2022-11-21,87.45,87.74,87.98,82.31,354.60K,-0.19
2022-11-18,87.62,90.1,90.63,85.8,379.66K,-2.41
2022-11-17,89.78,92.73,92.91,89.53,313.53K,-3.32
2022-11-16,92.86,94.11,94.79,91.67,257.62K,-1.07
2022-11-15,93.86,92.59,95.77,91.53,317.50K,0.77
2022-11-14,93.14,95.87,96.95,92.5,248.25K,-2.97
2022-11-11,95.99,93.84,96.92,93.69,238.07K,2.48
2022-11-10,93.67,92.53,94.32,91.73,278.53K,1.1
2022-11-09,92.65,95.17,95.65,92.33,308.02K,-2.84
2022-11-08,95.36,98.24,98.3,95.0,251.67K,-2.61
2022-11-07,97.92,97.31,99.56,96.5,241.94K,-0.66
2022-11-04,98.57,94.58,98.81,94.33,307.09K,4.12
2022-11-03,94.67,95.36,95.98,94.19,229.12K,-1.55
2022-11-02,96.16,94.85,96.5,94.01,253.00K,1.6
2022-11-01,94.65,92.67,95.55,92.33,247.65K,-0.19
2022-10-31,94.83,96.47,96.47,94.25,15.00K,-0.98
2022-10-28,95.77,96.58,96.89,94.96,89.94K,-1.23
2022-10-27,96.96,96.05,97.27,95.07,84.57K,1.33
2022-10-26,95.69,92.91,96.25,92.06,138.00K,2.32
2022-10-25,93.52,93.47,94.38,91.62,165.51K,0.28
2022-10-24,93.26,93.59,94.4,91.22,179.20K,-0.26
2022-10-21,93.5,92.45,93.8,91.0,203.28K,1.21
2022-10-20,92.38,92.4,94.77,91.91,237.54K,-0.03
2022-10-19,92.41,90.79,92.85,89.32,272.35K,2.64
2022-10-18,90.03,91.99,92.66,88.77,320.42K,-1.74
2022-10-17,91.62,91.71,93.21,90.83,203.80K,-0.01
2022-10-14,91.63,94.53,95.11,91.28,210.77K,-3.11
2022-10-13,94.57,92.49,94.92,91.08,280.52K,2.29
2022-10-12,92.45,93.72,95.17,91.56,257.66K,-1.95
2022-10-11,94.29,95.93,96.46,93.11,259.03K,-1.98
2022-10-10,96.19,98.75,98.75,95.6,215.37K,-1.77
2022-10-07,97.92,94.71,98.58,93.94,269.40K,3.71
2022-10-06,94.42,93.71,94.98,92.72,207.53K,1.12
2022-10-05,93.37,91.89,93.96,90.76,296.20K,1.71
2022-10-04,91.8,88.81,92.4,88.78,282.38K,3.31
2022-10-03,88.86,86.35,89.82,86.35,270.69K,1.02
2022-09-30,87.96,88.53,89.8,87.69,5.89K,-0.6
2022-09-29,88.49,88.97,90.12,87.33,57.86K,-0.93
2022-09-28,89.32,86.14,89.47,84.26,74.33K,3.54
2022-09-27,86.27,84.05,87.15,84.01,104.09K,2.63
2022-09-26,84.06,86.62,87.65,83.65,119.60K,-2.43
2022-09-23,86.15,90.46,90.84,85.5,180.10K,-4.76
2022-09-22,90.46,89.99,92.81,89.3,170.28K,0.7
2022-09-21,89.83,90.74,93.5,89.3,216.93K,-0.87
2022-09-20,90.62,92.15,93.05,89.8,188.56K,-1.5
2022-09-19,92.0,91.43,92.57,88.5,138.53K,0.71
2022-09-16,91.35,90.51,92.66,90.25,197.48K,0.56
2022-09-15,90.84,94.65,94.66,90.03,257.62K,-3.46
2022-09-14,94.1,93.4,95.8,91.93,259.90K,1.0
2022-09-13,93.17,94.31,95.53,91.05,275.17K,-0.88
2022-09-12,94.0,92.54,95.17,91.21,210.43K,1.25
2022-09-09,92.84,88.62,93.12,88.6,202.94K,4.14
2022-09-08,89.15,87.7,89.83,87.24,208.66K,1.31
2022-09-07,88.0,92.81,93.8,87.4,300.20K,-5.2
2022-09-06,92.83,95.19,95.94,92.3,225.95K,-3.04
2022-09-05,95.74,93.02,96.99,93.02,144.26K,2.92
2022-09-02,93.02,92.66,95.32,92.65,210.00K,0.71
2022-09-01,92.36,95.18,95.68,91.81,297.55K,-4.28
2022-08-31,96.49,99.79,100.46,95.44,10.07K,-2.84
2022-08-30,99.31,104.9,105.45,97.55,59.83K,-5.5
2022-08-29,105.09,100.67,105.48,100.16,53.03K,4.06
2022-08-26,100.99,99.83,101.21,98.1,130.63K,1.66
2022-08-25,99.34,101.73,102.47,99.12,161.49K,-1.86
2022-08-24,101.22,100.19,101.9,99.1,183.73K,1.0
2022-08-23,100.22,96.78,100.45,96.53,210.63K,3.88
2022-08-22,96.48,95.95,97.28,92.36,207.64K,-0.25
2022-08-19,96.72,96.68,97.88,94.25,178.60K,0.13
2022-08-18,96.59,93.29,97.42,93.05,208.55K,3.14
2022-08-17,93.65,92.67,94.48,91.51,199.19K,1.42
2022-08-16,92.34,94.01,95.95,91.71,217.75K,-2.9
2022-08-15,95.1,97.72,98.17,92.78,217.57K,-3.11
2022-08-12,98.15,99.33,100.38,96.94,188.13K,-1.46
2022-08-11,99.6,97.04,100.17,96.63,219.42K,2.26
2022-08-10,97.4,96.34,97.97,93.63,247.74K,1.13
2022-08-09,96.31,96.36,98.4,94.9,219.67K,-0.35
2022-08-08,96.65,94.51,96.82,93.01,201.25K,1.82
2022-08-05,94.92,93.65,96.4,92.78,216.20K,0.85
2022-08-04,94.12,97.1,97.66,93.2,264.81K,-2.75
2022-08-03,96.78,99.73,102.41,96.5,293.11K,-3.74
2022-08-02,100.54,99.87,102.41,98.49,229.68K,0.51
2022-08-01,100.03,103.92,104.43,99.09,272.84K,-9.07
2022-07-29,110.01,108.0,110.67,106.9,9.13K,2.68
2022-07-28,107.14,107.31,109.06,106.0,80.84K,0.49
2022-07-27,106.62,104.75,107.86,103.73,77.69K,2.13
2022-07-26,104.4,104.73,107.34,103.99,110.00K,-0.71
2022-07-25,105.15,103.85,105.38,101.64,123.67K,1.89
2022-07-22,103.2,103.86,105.72,101.9,137.24K,-0.64
2022-07-21,103.86,106.49,106.78,101.5,228.70K,-2.86
2022-07-20,106.92,107.07,107.45,105.08,186.70K,-0.4
2022-07-19,107.35,105.74,107.61,103.6,226.40K,1.02
2022-07-18,106.27,100.82,106.48,99.46,213.50K,5.05
2022-07-15,101.16,99.91,102.64,98.17,218.09K,2.08
2022-07-14,99.1,99.43,100.39,94.5,318.79K,-0.47
2022-07-13,99.57,98.5,101.21,98.28,247.47K,0.08
2022-07-12,99.49,106.25,106.56,98.9,275.62K,-7.11
2022-07-11,107.1,107.0,107.7,103.64,194.66K,0.07
2022-07-08,107.02,104.65,107.47,103.67,238.35K,2.26
2022-07-07,104.65,100.14,106.35,98.5,279.66K,3.93
2022-07-06,100.69,104.88,105.85,98.5,350.30K,-2.02
2022-07-05,102.77,113.54,114.75,101.1,428.84K,-9.45
2022-07-04,113.5,111.65,114.0,110.4,100.59K,1.68
2022-07-01,111.63,109.49,112.45,108.03,235.42K,-2.77
2022-06-30,114.81,116.01,116.67,114.22,7.11K,-1.25
2022-06-29,116.26,117.96,120.41,115.2,54.34K,-1.46
2022-06-28,117.98,115.74,118.27,115.72,65.76K,2.51
2022-06-27,115.09,112.92,116.08,111.26,118.10K,1.74
2022-06-24,113.12,110.04,114.0,109.24,134.18K,2.79
2022-06-23,110.05,109.58,112.7,108.04,195.92K,-1.51
2022-06-22,111.74,114.4,114.45,107.03,293.05K,-2.54
2022-06-21,114.65,114.21,116.25,114.02,204.03K,0.46
2022-06-20,114.13,113.88,114.5,111.52,161.60K,0.89
2022-06-17,113.12,119.13,121.25,111.72,319.91K,-5.58
2022-06-16,119.81,119.65,120.29,115.56,276.68K,1.1
2022-06-15,118.51,120.79,121.88,117.75,231.06K,-2.2
2022-06-14,121.17,121.88,125.19,118.91,291.26K,-0.9
2022-06-13,122.27,121.94,123.7,118.93,257.11K,0.21
2022-06-10,122.01,122.89,124.33,119.81,294.28K,-0.86
2022-06-09,123.07,123.6,124.34,122.5,218.98K,-0.41
2022-06-08,123.58,120.65,124.4,120.45,256.29K,2.5
2022-06-07,120.57,119.94,121.37,118.55,276.72K,0.89
2022-06-06,119.51,121.55,121.95,118.77,204.09K,-0.18
2022-06-03,119.72,118.22,121.45,116.02,141.66K,1.79
2022-06-02,117.61,115.02,118.46,112.45,216.90K,1.14
2022-06-01,116.29,116.08,118.57,115.4,242.16K,-5.33
2022-05-31,122.84,122.2,125.28,121.6,11.56K,0.96
2022-05-30,121.67,119.28,122.01,118.98,42.41K,1.88
2022-05-27,119.43,117.52,119.72,116.63,81.16K,1.73
2022-05-26,117.4,114.35,118.0,113.85,123.58K,2.96
2022-05-25,114.03,114.12,115.3,113.01,152.33K,0.41
2022-05-24,113.56,112.79,114.63,111.7,191.73K,0.12
2022-05-23,113.42,112.85,114.34,111.86,196.51K,0.77
2022-05-20,112.55,111.45,113.23,110.52,180.89K,0.46
2022-05-19,112.04,108.22,112.31,105.7,272.35K,2.69
2022-05-18,109.11,112.91,114.15,108.35,245.04K,-2.52
2022-05-17,111.93,114.42,115.69,111.09,277.89K,-2.02
2022-05-16,114.24,111.67,114.79,108.84,218.44K,2.41
2022-05-13,111.55,108.25,111.69,107.79,220.32K,3.82
2022-05-12,107.45,107.67,108.71,104.69,264.26K,-0.06
2022-05-11,107.51,101.51,108.29,101.3,287.53K,4.93
2022-05-10,102.46,105.5,106.96,101.54,327.99K,-3.28
2022-05-09,105.94,112.94,113.2,105.0,302.17K,-5.74
2022-05-06,112.39,111.27,113.5,109.87,249.83K,1.34
2022-05-05,110.9,110.55,114.0,109.2,279.88K,0.69
2022-05-04,110.14,105.91,111.0,105.46,241.68K,4.93
2022-05-03,104.97,107.61,108.32,104.62,184.20K,-2.43
2022-05-02,107.58,106.3,108.46,103.1,151.34K,-1.61
2022-04-29,109.34,107.55,110.3,107.0,12.02K,1.63
2022-04-28,107.59,104.96,108.0,103.29,73.32K,2.16
2022-04-27,105.32,105.45,106.33,103.27,67.06K,0.31
2022-04-26,104.99,102.53,106.2,101.08,138.20K,2.61
2022-04-25,102.32,105.49,105.85,99.48,156.35K,-4.06
2022-04-22,106.65,108.26,108.76,105.54,125.87K,-1.55
2022-04-21,108.33,107.07,109.8,106.76,185.38K,1.43
2022-04-20,106.8,108.1,109.0,104.65,243.67K,-0.42
2022-04-19,107.25,112.85,114.21,106.74,239.91K,-5.22
2022-04-18,113.16,112.32,114.84,110.71,132.15K,1.31
2022-04-14,111.7,108.29,112.39,106.63,210.18K,2.68
2022-04-13,108.78,105.44,109.0,104.06,247.26K,3.96
2022-04-12,104.64,99.35,105.6,98.9,273.95K,6.26
2022-04-11,98.48,103.21,103.3,97.57,238.69K,-4.18
2022-04-08,102.78,101.42,103.3,99.65,217.64K,2.19
2022-04-07,100.58,101.78,103.59,98.41,296.03K,-0.48
2022-04-06,101.07,105.7,108.67,100.54,286.52K,-5.22
2022-04-05,106.64,108.51,109.9,104.53,203.06K,-0.83
2022-04-04,107.53,104.08,108.68,102.89,218.68K,3.01
2022-04-01,104.39,105.25,106.24,102.35,238.62K,-3.26
2022-03-31,107.91,112.81,112.94,106.5,8.68K,-4.88
2022-03-30,113.45,112.0,114.8,110.74,72.33K,2.92
2022-03-29,110.23,110.1,114.83,104.84,93.68K,-2.0
2022-03-28,112.48,119.9,119.9,109.06,150.82K,-6.77
2022-03-25,120.65,118.88,120.92,115.16,133.46K,1.36
2022-03-24,119.03,121.56,123.74,116.93,177.66K,-2.11
2022-03-23,121.6,114.7,122.34,114.45,224.53K,5.3
2022-03-22,115.48,117.04,119.48,112.64,204.66K,-0.12
2022-03-21,115.62,107.5,116.8,107.06,196.49K,7.12
2022-03-18,107.93,106.8,109.59,105.78,168.91K,1.21
2022-03-17,106.64,98.61,107.5,97.75,200.95K,8.79
2022-03-16,98.02,99.14,103.7,96.93,246.82K,-1.89
2022-03-15,99.91,105.34,105.71,97.44,318.12K,-6.54
2022-03-14,106.9,113.15,113.15,103.49,265.91K,-5.12
2022-03-11,112.67,110.26,113.91,107.13,287.39K,3.05
2022-03-10,109.33,112.65,118.36,109.0,352.34K,-1.63
2022-03-09,111.14,130.28,131.64,105.6,521.58K,-13.16
2022-03-08,127.98,124.56,133.15,121.31,469.99K,3.87
2022-03-07,123.21,122.79,139.13,119.04,419.93K,4.32
2022-03-04,118.11,114.23,118.98,109.62,334.41K,6.93
2022-03-03,110.46,115.27,119.84,109.4,452.52K,-2.19
2022-03-02,112.93,107.34,115.11,106.83,490.57K,7.58
2022-03-01,104.97,98.43,107.67,98.3,492.51K,3.94
2022-02-28,100.99,101.98,105.07,99.64,22.96K,3.12
2022-02-25,97.93,100.69,101.99,96.0,68.98K,-1.16
2022-02-24,99.08,98.08,105.79,97.56,167.79K,2.31
2022-02-23,96.84,96.65,98.71,95.81,238.63K,0.0
2022-02-22,96.84,96.55,99.5,95.8,316.38K,1.52
2022-02-21,95.39,94.29,97.4,92.57,217.04K,1.98
2022-02-18,93.54,92.73,94.15,90.12,348.35K,0.61
2022-02-17,92.97,92.2,94.5,92.14,347.79K,-1.94
2022-02-16,94.81,93.49,96.07,91.11,393.79K,1.64
2022-02-15,93.28,95.81,96.26,92.06,378.25K,-3.32
2022-02-14,96.48,95.2,96.78,93.44,373.09K,2.16
2022-02-11,94.44,91.17,95.66,90.51,452.11K,3.31
2022-02-10,91.41,91.75,93.1,90.88,369.01K,-0.15
2022-02-09,91.55,91.08,92.09,90.05,294.00K,0.85
2022-02-08,90.78,92.63,92.93,89.93,368.55K,-2.06
2022-02-07,92.69,92.75,94.0,92.13,317.29K,-0.62
2022-02-04,93.27,91.3,93.7,91.2,322.13K,2.37
2022-02-03,91.11,89.07,91.3,88.02,301.79K,1.83
2022-02-02,89.47,89.48,90.52,88.28,319.43K,0.35
2022-02-01,89.16,89.62,89.96,87.72,271.77K,-2.25
2022-01-31,91.21,90.8,91.48,90.61,11.01K,1.31
2022-01-28,90.03,89.98,91.7,89.41,102.01K,0.77
2022-01-27,89.34,89.7,91.04,89.0,131.70K,-0.69
2022-01-26,89.96,87.95,90.47,87.79,260.11K,2.0
2022-01-25,88.2,86.76,88.37,86.2,256.21K,2.24
2022-01-24,86.27,87.93,88.9,85.04,309.89K,-1.84
2022-01-21,87.89,86.75,88.23,85.71,288.21K,-0.55
2022-01-20,88.38,87.89,89.5,87.05,279.52K,-0.07
2022-01-19,88.44,88.65,89.17,87.61,350.94K,1.06
2022-01-18,87.51,86.47,88.66,86.44,356.88K,1.19
2022-01-17,86.48,86.15,86.71,85.54,139.82K,0.49
2022-01-14,86.06,84.12,86.5,83.99,304.72K,1.88
2022-01-13,84.47,84.87,85.1,83.79,265.20K,-0.24
2022-01-12,84.67,83.78,85.21,83.52,301.39K,1.13
2022-01-11,83.72,81.08,83.98,80.89,324.94K,3.52
2022-01-10,80.87,81.76,82.3,80.5,300.65K,-1.08
2022-01-07,81.75,82.0,83.0,81.42,286.11K,-0.29
2022-01-06,81.99,80.22,82.83,79.61,353.16K,1.47
2022-01-05,80.8,80.07,81.5,79.51,331.74K,1.0
2022-01-04,80.0,78.91,80.55,78.62,291.68K,1.29
2022-01-03,78.98,78.11,79.28,77.04,201.03K,1.54
2021-12-31,77.78,78.81,79.68,77.55,148.96K,-1.94
2021-12-30,79.32,79.19,79.66,78.5,10.90K,0.11
2021-12-29,79.23,79.28,80.17,78.13,69.63K,0.37
2021-12-28,78.94,78.67,79.85,78.48,50.41K,0.43
2021-12-27,78.6,76.32,79.08,75.75,85.39K,3.23
2021-12-24,76.14,76.72,76.79,75.75,30.54K,-0.92
2021-12-23,76.85,75.47,77.0,74.78,161.24K,2.07
2021-12-22,75.29,74.05,75.67,73.62,166.71K,1.77
2021-12-21,73.98,71.88,74.27,71.24,214.07K,3.44
2021-12-20,71.52,72.82,72.87,69.28,333.76K,-2.72
2021-12-17,73.52,74.5,74.98,72.65,231.41K,-2.0
2021-12-16,75.02,74.47,75.61,74.0,223.64K,1.54
2021-12-15,73.88,73.25,74.58,72.5,233.19K,0.24
2021-12-14,73.7,74.42,75.16,72.57,277.86K,-0.93
2021-12-13,74.39,75.37,76.39,74.2,265.51K,-1.01
2021-12-10,75.15,73.99,75.71,73.8,221.36K,0.98
2021-12-09,74.42,75.94,76.7,73.84,283.39K,-1.85
2021-12-08,75.82,75.44,76.37,74.38,322.08K,0.5
2021-12-07,75.44,73.6,76.27,73.2,312.28K,3.23
2021-12-06,73.08,70.24,73.8,70.24,255.40K,4.58
2021-12-03,69.88,70.22,72.62,69.24,331.82K,0.3
2021-12-02,69.67,69.72,70.7,65.72,526.60K,1.16
2021-12-01,68.87,69.8,72.87,68.14,420.40K,-2.41
2021-11-30,70.57,74.42,74.56,70.22,24.82K,-3.91
2021-11-29,73.44,73.88,77.02,72.41,126.35K,0.99
2021-11-26,72.72,81.65,81.66,72.14,170.78K,-11.55
2021-11-25,82.22,82.24,82.58,81.7,80.45K,-0.04
2021-11-24,82.25,81.88,83.0,81.74,231.07K,-0.07
2021-11-23,82.31,79.51,82.6,78.55,366.60K,3.27
2021-11-22,79.7,78.58,80.07,77.58,350.90K,1.03
2021-11-19,78.89,81.0,82.24,78.05,479.93K,-2.89
2021-11-18,81.24,80.1,81.41,79.28,306.85K,1.2
2021-11-17,80.28,82.05,82.22,79.78,406.75K,-2.61
2021-11-16,82.43,82.0,83.14,81.52,340.72K,0.46
2021-11-15,82.05,81.92,82.49,80.67,273.72K,-0.15
2021-11-12,82.17,82.83,82.87,81.26,289.30K,-0.84
2021-11-11,82.87,82.85,83.44,81.66,336.14K,0.28
2021-11-10,82.64,84.99,85.5,82.08,366.31K,-2.52
2021-11-09,84.78,83.47,85.3,83.16,346.57K,1.62
2021-11-08,83.43,82.58,84.0,82.53,269.60K,0.83
2021-11-05,82.74,81.25,83.16,80.26,379.69K,2.73
2021-11-04,80.54,81.58,84.49,80.2,472.43K,-1.77
2021-11-03,81.99,84.07,84.2,81.1,380.11K,-3.22
2021-11-02,84.72,84.45,85.23,83.76,317.07K,0.01
2021-11-01,84.71,83.63,85.12,83.03,302.90K,0.39
2021-10-29,84.38,84.33,84.83,83.79,22.77K,0.07
2021-10-28,84.32,84.21,84.59,82.32,118.14K,-0.31
2021-10-27,84.58,86.07,86.28,84.05,149.75K,-2.11
2021-10-26,86.4,86.03,86.5,85.27,222.56K,0.48
2021-10-25,85.99,85.65,86.7,85.43,294.55K,0.54
2021-10-22,85.53,84.52,85.93,83.82,298.35K,1.09
2021-10-21,84.61,85.9,86.1,83.36,373.65K,-1.41
2021-10-20,85.82,85.19,85.89,83.61,378.69K,0.87
2021-10-19,85.08,84.21,85.4,83.7,371.79K,0.89
2021-10-18,84.33,84.95,86.04,83.95,340.96K,-0.62
2021-10-15,84.86,84.3,85.1,84.16,276.47K,1.02
2021-10-14,84.0,83.45,84.5,83.18,316.64K,0.99
2021-10-13,83.18,83.1,83.69,82.2,333.68K,-0.29
2021-10-12,83.42,83.49,84.23,82.72,331.41K,-0.27
2021-10-11,83.65,82.65,84.6,82.54,330.44K,1.53
2021-10-08,82.39,82.38,83.43,81.96,360.97K,0.54
2021-10-07,81.95,80.98,82.5,79.08,393.10K,1.07
2021-10-06,81.08,82.57,83.47,80.6,401.36K,-1.79
2021-10-05,82.56,81.27,83.13,81.19,340.27K,1.6
2021-10-04,81.26,79.49,82.0,78.75,362.37K,2.5
2021-10-01,79.28,78.49,79.41,77.55,282.37K,0.97
